x value,receive time,header.stamp,topic,value
15.081454729618542,1730340923.898947147,,/estimatedpose.pose.position.y,15.20204128641078
15.210235099968333,1730340924.195445518,,/estimatedpose.pose.position.y,15.315455157254025
15.19164428540696,1730340924.894181886,,/estimatedpose.pose.position.y,15.228835462808526
15.13530127681049,1730340926.819295511,,/estimatedpose.pose.position.y,15.215348258936094
15.136692184341886,1730340927.324813296,,/estimatedpose.pose.position.y,15.21580495957922
15.131585261491749,1730340927.495927373,,/estimatedpose.pose.position.y,15.22629553435488
15.130299940418498,1730340927.594612574,,/estimatedpose.pose.position.y,15.230633716562666
15.130857330814404,1730340927.694084500,,/estimatedpose.pose.position.y,15.23231560591008
15.128750012446831,1730340927.894186206,,/estimatedpose.pose.position.y,15.232963305768392
15.127641903200022,1730340927.995168836,,/estimatedpose.pose.position.y,15.235199407847555
15.130180084493933,1730340928.120680828,,/estimatedpose.pose.position.y,15.233419877382781
15.156108601188945,1730340928.629808361,,/estimatedpose.pose.position.y,15.318396098348298
15.206621440442182,1730340929.224105597,,/estimatedpose.pose.position.y,15.457927690907571
15.243607143654463,1730340929.428814212,,/estimatedpose.pose.position.y,15.565466760614822
15.29448187443412,1730340929.596257874,,/estimatedpose.pose.position.y,15.698284036842502
15.341082368002809,1730340929.694211511,,/estimatedpose.pose.position.y,15.821505884046749
15.405785788069942,1730340929.794003832,,/estimatedpose.pose.position.y,15.931364834651532
15.500543769663608,1730340930.046411545,,/estimatedpose.pose.position.y,16.12795004811078
15.547123423352355,1730340930.197476284,,/estimatedpose.pose.position.y,16.23853731058805
15.578024652472234,1730340930.293992883,,/estimatedpose.pose.position.y,16.31438646651075
15.612935481439221,1730340930.393919537,,/estimatedpose.pose.position.y,16.42064567257854
15.672366394000509,1730340930.520074395,,/estimatedpose.pose.position.y,16.594552695279724
15.737017451579247,1730340930.794126153,,/estimatedpose.pose.position.y,16.765195128985305
15.77723613117562,1730340931.026077016,,/estimatedpose.pose.position.y,16.889688059331945
15.765109364066989,1730340931.396015100,,/estimatedpose.pose.position.y,16.84785505127696
15.756725126094778,1730340931.893880372,,/estimatedpose.pose.position.y,16.832197883670172
15.755650242064183,1730340932.103745010,,/estimatedpose.pose.position.y,16.82367608346104
15.756156128500782,1730340932.198909883,,/estimatedpose.pose.position.y,16.822165353194837
15.761964232596826,1730340932.314604145,,/estimatedpose.pose.position.y,16.828235537233233
15.771338255109,1730340932.519516290,,/estimatedpose.pose.position.y,16.84856661963847
15.76456349520288,1730340932.722763582,,/estimatedpose.pose.position.y,16.83818540822749
15.760640216009111,1730340933.494245384,,/estimatedpose.pose.position.y,16.833819817085573
15.761385068339699,1730340933.595039650,,/estimatedpose.pose.position.y,16.839306110275814
15.638549504750282,1730340934.393945880,,/estimatedpose.pose.position.y,16.914835979664385
15.52113428796708,1730340934.597770723,,/estimatedpose.pose.position.y,16.978043215613386
15.251508700216801,1730340934.952905589,,/estimatedpose.pose.position.y,17.21620510020022
15.129377896781516,1730340935.043199853,,/estimatedpose.pose.position.y,17.338887028662864
14.96307896587017,1730340935.201909432,,/estimatedpose.pose.position.y,17.436020324410404
14.869416796760719,1730340935.297509984,,/estimatedpose.pose.position.y,17.508079356426485
14.696572388057382,1730340935.437871281,,/estimatedpose.pose.position.y,17.61810421400293
14.6462298735643,1730340935.642540580,,/estimatedpose.pose.position.y,17.66510714915424
14.698434629585622,1730340935.937830451,,/estimatedpose.pose.position.y,17.640482457879898
14.676097182290135,1730340936.096485728,,/estimatedpose.pose.position.y,17.716099136269325
14.676838800356597,1730340937.198043196,,/estimatedpose.pose.position.y,17.85682894547912
14.640241574779843,1730340937.294680360,,/estimatedpose.pose.position.y,17.924400275589722
14.596446237659613,1730340937.539375435,,/estimatedpose.pose.position.y,18.03490754082582
14.518311143202128,1730340937.696204939,,/estimatedpose.pose.position.y,18.172496029378085
14.487281991033747,1730340937.795615205,,/estimatedpose.pose.position.y,18.24650165762681
14.394016605181612,1730340937.895228956,,/estimatedpose.pose.position.y,18.3964101419173
14.328543748841577,1730340938.039314157,,/estimatedpose.pose.position.y,18.571475136961432
14.265423140423849,1730340938.243208875,,/estimatedpose.pose.position.y,18.71732981429686
14.2290858099381,1730340938.394823360,,/estimatedpose.pose.position.y,18.82993211678675
14.127958460240174,1730340938.594234532,,/estimatedpose.pose.position.y,18.971914295873198
14.067424859600948,1730340938.742936167,,/estimatedpose.pose.position.y,19.06549223209096
13.982804552948862,1730340938.896311831,,/estimatedpose.pose.position.y,19.195317062047344
13.899812652187792,1730340939.093912939,,/estimatedpose.pose.position.y,19.37252244902945
13.84892169051531,1730340939.194183279,,/estimatedpose.pose.position.y,19.491688212476166
13.749526605221787,1730340939.338016967,,/estimatedpose.pose.position.y,19.633487444541167
13.6349616202364,1730340939.536592124,,/estimatedpose.pose.position.y,19.77487960804767
13.56338069871859,1730340939.840990775,,/estimatedpose.pose.position.y,19.80528555704513
13.56270706112667,1730340939.994062430,,/estimatedpose.pose.position.y,19.791823357048585
13.561067468707122,1730340940.095177001,,/estimatedpose.pose.position.y,19.785208658483516
13.551770998021475,1730340940.417977198,,/estimatedpose.pose.position.y,19.777065603991037
13.378746512017056,1730340941.397705141,,/estimatedpose.pose.position.y,19.837905198306355
13.21541459584203,1730340941.894574832,,/estimatedpose.pose.position.y,19.86259450409777
13.120865345993325,1730340941.993757147,,/estimatedpose.pose.position.y,19.89979942406932
12.946189078664025,1730340942.142194945,,/estimatedpose.pose.position.y,19.978440186680565
12.799196946438599,1730340942.293842291,,/estimatedpose.pose.position.y,20.060105666283853
12.716524361252924,1730340942.394720831,,/estimatedpose.pose.position.y,20.110488359300096
12.655317461659692,1730340942.494026556,,/estimatedpose.pose.position.y,20.15209638873008
12.580214772357774,1730340942.594870113,,/estimatedpose.pose.position.y,20.21156627910777
12.40846860364774,1730340942.794161623,,/estimatedpose.pose.position.y,20.30991410653264
12.224094508651522,1730340942.994168402,,/estimatedpose.pose.position.y,20.398321147848197
12.130287909699417,1730340943.093744643,,/estimatedpose.pose.position.y,20.47656816026182
12.03455873593245,1730340943.194217566,,/estimatedpose.pose.position.y,20.543501834895384
11.938258012063047,1730340943.293637221,,/estimatedpose.pose.position.y,20.594054953408655
11.852827657625815,1730340943.394446383,,/estimatedpose.pose.position.y,20.627641170926765
11.675742858258737,1730340943.550621961,,/estimatedpose.pose.position.y,20.693084680264917
11.582237610930216,1730340943.695345063,,/estimatedpose.pose.position.y,20.704596775394787
11.428396922351274,1730340944.002475333,,/estimatedpose.pose.position.y,20.77162267989941
11.226030629057703,1730340944.348873543,,/estimatedpose.pose.position.y,20.846039103074258
11.12891433316709,1730340944.456064877,,/estimatedpose.pose.position.y,20.91084158998298
10.971170979373438,1730340944.595791883,,/estimatedpose.pose.position.y,20.961643263475093
10.92270494121511,1730340944.794095937,,/estimatedpose.pose.position.y,20.95167907351492
10.910523502636524,1730340945.300329849,,/estimatedpose.pose.position.y,20.971093230438377
10.915777105370589,1730340945.397947293,,/estimatedpose.pose.position.y,20.962397928375967
10.918961628561203,1730340945.495172074,,/estimatedpose.pose.position.y,20.953830103299083
10.920009390398455,1730340945.595916191,,/estimatedpose.pose.position.y,20.950451948520822
10.921646607540355,1730340945.697329445,,/estimatedpose.pose.position.y,20.949879023013143
10.921208711018627,1730340945.795139496,,/estimatedpose.pose.position.y,20.946678681666093
10.922601172144034,1730340945.893744351,,/estimatedpose.pose.position.y,20.941683402889087
10.920499321113693,1730340945.994027059,,/estimatedpose.pose.position.y,20.93808193325299
10.9013922254899,1730340946.224705414,,/estimatedpose.pose.position.y,20.97837200778637
10.911125589166891,1730340946.494193822,,/estimatedpose.pose.position.y,20.96244384194658
10.914602120933516,1730340946.598084112,,/estimatedpose.pose.position.y,20.957267172436364
10.914645191474797,1730340946.693991157,,/estimatedpose.pose.position.y,20.95711714000666
10.9133526973538,1730340946.793994140,,/estimatedpose.pose.position.y,20.95646039389069
10.907172862732153,1730340947.095236462,,/estimatedpose.pose.position.y,20.96900525418409
10.90143875302972,1730340947.495872122,,/estimatedpose.pose.position.y,20.97595857268537
10.897966356985252,1730340947.621963380,,/estimatedpose.pose.position.y,20.975240199431003
10.905251812307496,1730340947.821997965,,/estimatedpose.pose.position.y,20.968765569691094
10.891850843852092,1730340947.995705129,,/estimatedpose.pose.position.y,20.982592782723547
10.884778710376247,1730340948.093850426,,/estimatedpose.pose.position.y,20.990055486064286
10.887538692641895,1730340948.194689605,,/estimatedpose.pose.position.y,20.993368698283916
10.889852005848843,1730340948.297262249,,/estimatedpose.pose.position.y,20.99323355329183
10.895891335348164,1730340948.425014569,,/estimatedpose.pose.position.y,20.98747177486812
10.921740591248726,1730340948.825054849,,/estimatedpose.pose.position.y,20.976931823892436
10.927789108063003,1730340949.027809857,,/estimatedpose.pose.position.y,20.974393907008178
10.93391593129671,1730340949.225213076,,/estimatedpose.pose.position.y,20.977546088132556
10.947546443916472,1730340949.497636498,,/estimatedpose.pose.position.y,20.97867106558506
10.949219653352728,1730340949.594813703,,/estimatedpose.pose.position.y,20.97720314375567
10.938116631450937,1730340949.729216139,,/estimatedpose.pose.position.y,20.97882525561764
10.933687834022333,1730340949.994121697,,/estimatedpose.pose.position.y,20.975922523283447
10.948500438917135,1730340950.393697499,,/estimatedpose.pose.position.y,21.0820397359944
10.875825989752691,1730340950.893756832,,/estimatedpose.pose.position.y,21.243787648787084
10.845279768647803,1730340950.994497653,,/estimatedpose.pose.position.y,21.360869943372816
10.77393373127782,1730340951.195366222,,/estimatedpose.pose.position.y,21.602881648025196
10.767158026752082,1730340951.293552143,,/estimatedpose.pose.position.y,21.792705010168415
10.701406374954828,1730340951.593766204,,/estimatedpose.pose.position.y,21.978111932843127
10.677308469690004,1730340951.697161953,,/estimatedpose.pose.position.y,22.0778501130647
10.660740734325813,1730340951.796551771,,/estimatedpose.pose.position.y,22.19161968255991
10.627767326353213,1730340951.893904205,,/estimatedpose.pose.position.y,22.301008769626296
10.559629951925242,1730340952.024237967,,/estimatedpose.pose.position.y,22.517749637445725
10.504922142169658,1730340952.296354851,,/estimatedpose.pose.position.y,22.68165188764526
10.447257004390464,1730340952.393521674,,/estimatedpose.pose.position.y,22.827423514513278
10.423135319242528,1730340952.493590199,,/estimatedpose.pose.position.y,22.939260545340368
10.359065579427305,1730340952.793906544,,/estimatedpose.pose.position.y,23.16428885779243
10.339028057915549,1730340952.894089676,,/estimatedpose.pose.position.y,23.31608578496962
10.346710322839165,1730340953.094855057,,/estimatedpose.pose.position.y,23.469424434062855
10.30046679877536,1730340953.193965872,,/estimatedpose.pose.position.y,23.544247308987423
10.291366109843677,1730340953.293794891,,/estimatedpose.pose.position.y,23.671187377667717
10.299256804645266,1730340953.399064757,,/estimatedpose.pose.position.y,23.77416891386294
10.269416016185735,1730340953.595107674,,/estimatedpose.pose.position.y,23.925110936673068
10.23281492335179,1730340953.720700870,,/estimatedpose.pose.position.y,24.090597050544616
10.205769869553922,1730340953.819011330,,/estimatedpose.pose.position.y,24.191146707892596
10.152122857325876,1730340954.015453319,,/estimatedpose.pose.position.y,24.406935369681797
10.11870558855494,1730340954.193743288,,/estimatedpose.pose.position.y,24.5263530621707
10.075973455756134,1730340954.321398153,,/estimatedpose.pose.position.y,24.677745337116196
10.035669903979798,1730340954.502051770,,/estimatedpose.pose.position.y,24.82514412993201
10.031915805102091,1730340954.593993644,,/estimatedpose.pose.position.y,24.936232556581167
9.92108667624487,1730340954.836272305,,/estimatedpose.pose.position.y,25.128776181148318
9.86048417207295,1730340955.196080435,,/estimatedpose.pose.position.y,25.2207013807322
9.877135717743018,1730340955.593934373,,/estimatedpose.pose.position.y,25.221866639175712
9.883234112890133,1730340955.997769064,,/estimatedpose.pose.position.y,25.22371527083466
9.891151694076877,1730340956.093946761,,/estimatedpose.pose.position.y,25.225600823358047
9.896198124383405,1730340956.197723888,,/estimatedpose.pose.position.y,25.22764420372961
9.895511243814074,1730340956.293677652,,/estimatedpose.pose.position.y,25.2291998174296
9.894376062707591,1730340956.394993812,,/estimatedpose.pose.position.y,25.230556801764713
9.894588410869348,1730340956.494863410,,/estimatedpose.pose.position.y,25.23067786238535
9.90054817883379,1730340956.594657582,,/estimatedpose.pose.position.y,25.232337820670644
9.91073968244943,1730340957.014406040,,/estimatedpose.pose.position.y,25.22611594540193
10.113364900701013,1730340957.794117635,,/estimatedpose.pose.position.y,25.331498150029393
10.201847093984764,1730340957.993535398,,/estimatedpose.pose.position.y,25.348823954354696
10.336713170530484,1730340958.296606924,,/estimatedpose.pose.position.y,25.39019480909924
10.411201609617965,1730340958.394187625,,/estimatedpose.pose.position.y,25.4458305916765
10.508709418945042,1730340958.495399153,,/estimatedpose.pose.position.y,25.506576171282493
10.637879159096611,1730340958.596092580,,/estimatedpose.pose.position.y,25.58824441604594
10.701446687523136,1730340958.695145166,,/estimatedpose.pose.position.y,25.64646891273752
10.81973630180094,1730340958.795580940,,/estimatedpose.pose.position.y,25.730448478654605
10.91293965885962,1730340958.893803740,,/estimatedpose.pose.position.y,25.78202682127565
11.03011158199701,1730340959.043713242,,/estimatedpose.pose.position.y,25.845160964287953
11.173864504209586,1730340959.236841774,,/estimatedpose.pose.position.y,25.959389170642336
11.262560192295993,1730340959.394532119,,/estimatedpose.pose.position.y,25.992137815300286
11.358877841697181,1730340959.496323727,,/estimatedpose.pose.position.y,26.051769503268563
11.57790418159115,1730340959.729414885,,/estimatedpose.pose.position.y,26.173367697381053
11.756983345039075,1730340959.931262875,,/estimatedpose.pose.position.y,26.305604037258213
11.871659930770875,1730340960.093711570,,/estimatedpose.pose.position.y,26.40120647484462
11.821169962106039,1730340960.694628318,,/estimatedpose.pose.position.y,26.40569231515498
11.77175877185929,1730340961.032725416,,/estimatedpose.pose.position.y,26.35378958541437
11.827307512922136,1730340961.638933196,,/estimatedpose.pose.position.y,26.392586546116338
11.835305548526637,1730340962.094329330,,/estimatedpose.pose.position.y,26.485273910028205
11.937125304253138,1730340962.594221604,,/estimatedpose.pose.position.y,26.69049569485638
12.02684383359639,1730340962.693667349,,/estimatedpose.pose.position.y,26.782396401928587
12.150991828311422,1730340962.793524940,,/estimatedpose.pose.position.y,26.972556738334493
12.233296982693831,1730340962.994013892,,/estimatedpose.pose.position.y,27.102232476069734
12.275899304743843,1730340963.193785407,,/estimatedpose.pose.position.y,27.18819562648106
12.347986752032913,1730340963.295539595,,/estimatedpose.pose.position.y,27.299566286807114
12.386542267299749,1730340963.496358917,,/estimatedpose.pose.position.y,27.36689587462664
12.410308190170595,1730340963.597265172,,/estimatedpose.pose.position.y,27.447095473826963
12.508230306206046,1730340963.696087957,,/estimatedpose.pose.position.y,27.58277750330813
12.582342226469004,1730340963.796095002,,/estimatedpose.pose.position.y,27.66370893209973
12.643862397584101,1730340963.929087889,,/estimatedpose.pose.position.y,27.78370312563295
12.73691105097647,1730340964.131107000,,/estimatedpose.pose.position.y,27.940628753942853
12.801923840472668,1730340964.227842387,,/estimatedpose.pose.position.y,28.04250042791494
12.883869270867839,1730340964.429266885,,/estimatedpose.pose.position.y,28.170242829691404
12.904501219306205,1730340964.711770429,,/estimatedpose.pose.position.y,28.205375451861133
12.90127685846683,1730340965.194111390,,/estimatedpose.pose.position.y,28.207605029506496
12.902532912900668,1730340965.312390208,,/estimatedpose.pose.position.y,28.20606737127199
12.902192139674517,1730340965.595046818,,/estimatedpose.pose.position.y,28.208970237461234
12.890954420418435,1730340965.813958440,,/estimatedpose.pose.position.y,28.216361855161228
12.893618341956374,1730340966.215149263,,/estimatedpose.pose.position.y,28.21282395600876
12.898372183600815,1730340966.498180659,,/estimatedpose.pose.position.y,28.22609712661479
12.900921378156447,1730340966.593758552,,/estimatedpose.pose.position.y,28.221013033925644
12.905296395324054,1730340966.693596057,,/estimatedpose.pose.position.y,28.221539845270673
12.907695526949244,1730340966.793949046,,/estimatedpose.pose.position.y,28.22175970157143
12.904160063631457,1730340966.917477865,,/estimatedpose.pose.position.y,28.223543372696213
12.907028103480807,1730340967.194905869,,/estimatedpose.pose.position.y,28.215640915438495
12.912279272203616,1730340967.295118206,,/estimatedpose.pose.position.y,28.205611826237703
12.916151657631124,1730340967.397048073,,/estimatedpose.pose.position.y,28.199394373408445
12.918192566395426,1730340967.493635540,,/estimatedpose.pose.position.y,28.195199446163887
12.923338473380694,1730340967.615512280,,/estimatedpose.pose.position.y,28.202360166042233
12.832922808766885,1730340968.093954696,,/estimatedpose.pose.position.y,28.10130067175089
12.767974899249332,1730340968.393872510,,/estimatedpose.pose.position.y,28.044395270895656
12.648131148758997,1730340968.693602186,,/estimatedpose.pose.position.y,27.97380137837558
12.568879302302953,1730340968.895824422,,/estimatedpose.pose.position.y,27.898001647045806
12.479565733126993,1730340968.996371959,,/estimatedpose.pose.position.y,27.813949948592416
12.173825385437802,1730340969.239202938,,/estimatedpose.pose.position.y,27.576943542089158
12.102561281274419,1730340969.393835808,,/estimatedpose.pose.position.y,27.52225268221383
11.920559842871805,1730340969.540482996,,/estimatedpose.pose.position.y,27.381321061764012
11.771112405704114,1730340969.693761973,,/estimatedpose.pose.position.y,27.248506068060596
11.588726645408517,1730340969.794869186,,/estimatedpose.pose.position.y,27.10285595619792
11.480039416920969,1730340969.893526492,,/estimatedpose.pose.position.y,27.016128197691057
11.326303520607055,1730340970.045038422,,/estimatedpose.pose.position.y,26.894034148274983
11.349643372102168,1730340970.342064465,,/estimatedpose.pose.position.y,26.894618604360947
11.419800517234435,1730340970.639548081,,/estimatedpose.pose.position.y,26.966905101506477
11.308914567158691,1730340971.142033984,,/estimatedpose.pose.position.y,26.80843144547248
11.26469517420457,1730340971.693856485,,/estimatedpose.pose.position.y,26.70835919331772
11.199836510022902,1730340971.795461850,,/estimatedpose.pose.position.y,26.607532035645363
11.14136861120531,1730340971.894281881,,/estimatedpose.pose.position.y,26.55741381514873
11.092221845652759,1730340971.994375458,,/estimatedpose.pose.position.y,26.474836034648686
11.021201369024064,1730340972.195836743,,/estimatedpose.pose.position.y,26.37777903959755
10.950562776519233,1730340972.293745107,,/estimatedpose.pose.position.y,26.325701668338
10.815590727530202,1730340972.445056981,,/estimatedpose.pose.position.y,26.16645133133473
10.73605963688003,1730340972.551669365,,/estimatedpose.pose.position.y,26.104354653513674
10.666212110916026,1730340972.645820105,,/estimatedpose.pose.position.y,26.019368633935272
10.544938009176317,1730340972.849072092,,/estimatedpose.pose.position.y,25.894337971665163
10.417201874873188,1730340972.993839249,,/estimatedpose.pose.position.y,25.785314601072336
10.28773788434116,1730340973.145939382,,/estimatedpose.pose.position.y,25.625320675427506
10.249890350920781,1730340973.293599891,,/estimatedpose.pose.position.y,25.55947012969479
10.182997978081339,1730340973.497399726,,/estimatedpose.pose.position.y,25.47435601359734
9.928134659910725,1730340973.753596795,,/estimatedpose.pose.position.y,25.219394504245553
9.874126726445434,1730340973.847881778,,/estimatedpose.pose.position.y,25.14484938755402
9.80042254076568,1730340973.993453399,,/estimatedpose.pose.position.y,25.03549304708267
9.73577445331562,1730340974.153948036,,/estimatedpose.pose.position.y,24.93577999436723
9.675057678205583,1730340974.295733416,,/estimatedpose.pose.position.y,24.88663783016897
9.528860619617406,1730340974.493568162,,/estimatedpose.pose.position.y,24.730181800554792
9.432538659777183,1730340974.751035119,,/estimatedpose.pose.position.y,24.615209408935193
9.289841401635035,1730340974.896636577,,/estimatedpose.pose.position.y,24.49715667496298
9.174035612298026,1730340975.052970908,,/estimatedpose.pose.position.y,24.38417055155278
8.98148255142923,1730340975.247335339,,/estimatedpose.pose.position.y,24.095616882071123
8.884058259211505,1730340975.397310429,,/estimatedpose.pose.position.y,23.99938048775109
8.758904387422044,1730340975.547912541,,/estimatedpose.pose.position.y,23.90316119725842
8.688944198544778,1730340975.652766228,,/estimatedpose.pose.position.y,23.81129900306079
8.567986097461215,1730340975.851084049,,/estimatedpose.pose.position.y,23.68611220448947
8.49139545897419,1730340976.099876100,,/estimatedpose.pose.position.y,23.592235294539503
8.417109434806116,1730340976.293751950,,/estimatedpose.pose.position.y,23.485310859244272
8.351349779023796,1730340976.395724293,,/estimatedpose.pose.position.y,23.37343307678495
8.283187004929589,1730340976.494620518,,/estimatedpose.pose.position.y,23.2997866331093
8.200169495713679,1730340976.597255318,,/estimatedpose.pose.position.y,23.181508939552874
8.088184916916939,1730340976.697289763,,/estimatedpose.pose.position.y,23.085162625530575
8.022641806900896,1730340976.795025154,,/estimatedpose.pose.position.y,23.013898059674663
7.9279463001568615,1730340976.994901302,,/estimatedpose.pose.position.y,22.918308831773658
7.848693005706272,1730340977.195198684,,/estimatedpose.pose.position.y,22.760495845409526
7.796401068391486,1730340977.294656887,,/estimatedpose.pose.position.y,22.672638319080136
7.700983031732246,1730340977.395405428,,/estimatedpose.pose.position.y,22.562378084946044
7.553560004110966,1730340977.552231320,,/estimatedpose.pose.position.y,22.393930350194324
7.430410048312209,1730340977.696333629,,/estimatedpose.pose.position.y,22.271939610204942
7.367319863064404,1730340977.799566653,,/estimatedpose.pose.position.y,22.225230605937803
7.343243460911035,1730340978.093829120,,/estimatedpose.pose.position.y,22.140717372635198
7.270006226002062,1730340978.238817593,,/estimatedpose.pose.position.y,22.073044900481115
7.226975242965126,1730340978.521245122,,/estimatedpose.pose.position.y,22.065543052354005
7.225122494273075,1730340978.994032326,,/estimatedpose.pose.position.y,22.064450052184135
7.219797814489508,1730340979.095331289,,/estimatedpose.pose.position.y,22.063573231169716
7.2230709155507755,1730340979.219252996,,/estimatedpose.pose.position.y,22.069601306204465
7.222429943354879,1730340979.593788691,,/estimatedpose.pose.position.y,22.069531517130756
7.225288048791237,1730340980.197813695,,/estimatedpose.pose.position.y,22.07158073163477
7.229300180409689,1730340980.312407835,,/estimatedpose.pose.position.y,22.07984700575443
7.229905769344975,1730340980.493722599,,/estimatedpose.pose.position.y,22.080761009875847
7.2317056736541865,1730340980.599715860,,/estimatedpose.pose.position.y,22.080015904639584
7.234660436326306,1730340980.694347870,,/estimatedpose.pose.position.y,22.081493528764508
7.236225224806344,1730340980.821290084,,/estimatedpose.pose.position.y,22.081088661760518
7.234758061563796,1730340980.994134240,,/estimatedpose.pose.position.y,22.077477673779093
7.2285351131551945,1730340981.115318055,,/estimatedpose.pose.position.y,22.084470812949093
7.229527407635519,1730340981.295543620,,/estimatedpose.pose.position.y,22.07810088587793
7.230962473907419,1730340981.394194878,,/estimatedpose.pose.position.y,22.073475309962905
7.227294030167023,1730340981.517579388,,/estimatedpose.pose.position.y,22.076149806200952
7.2301819124770255,1730340981.721075079,,/estimatedpose.pose.position.y,22.07485046438375
7.23020152861823,1730340981.918968551,,/estimatedpose.pose.position.y,22.07362110206692
7.235022158554354,1730340982.199040062,,/estimatedpose.pose.position.y,22.06458629708105
7.237570279856191,1730340982.295031020,,/estimatedpose.pose.position.y,22.052368023853195
7.238781625508904,1730340982.496056852,,/estimatedpose.pose.position.y,22.044626748685154
7.23520493800606,1730340982.627779624,,/estimatedpose.pose.position.y,22.046752843584255
7.233721309686868,1730340982.722231440,,/estimatedpose.pose.position.y,22.044907214106058
7.233529266570869,1730340982.828735085,,/estimatedpose.pose.position.y,22.045961752092857
7.233707603999942,1730340982.994118252,,/estimatedpose.pose.position.y,22.04511961574536
7.233499619237843,1730340983.097265422,,/estimatedpose.pose.position.y,22.045365199465635
7.233465697807874,1730340983.193647372,,/estimatedpose.pose.position.y,22.045410839619972
7.23357161796548,1730340983.293932924,,/estimatedpose.pose.position.y,22.045872130120145
7.232515167149381,1730340983.394049973,,/estimatedpose.pose.position.y,22.043939912419575
7.229954119733193,1730340983.593801447,,/estimatedpose.pose.position.y,22.040348064011337
7.226796266295826,1730340983.796718188,,/estimatedpose.pose.position.y,22.039854136825184
7.313293274520943,1730340984.094517775,,/estimatedpose.pose.position.y,21.96310194429629
7.375411966752867,1730340984.254494490,,/estimatedpose.pose.position.y,21.897682245819563
7.5896407918374145,1730340984.745946353,,/estimatedpose.pose.position.y,21.798611506017863
7.7890124183533835,1730340984.997589821,,/estimatedpose.pose.position.y,21.69292788125228
7.900904868662834,1730340985.095865930,,/estimatedpose.pose.position.y,21.62556694949936
7.973417840733821,1730340985.198619039,,/estimatedpose.pose.position.y,21.58651384217474
8.0624901864672,1730340985.295641192,,/estimatedpose.pose.position.y,21.519219097399162
8.177367950278294,1730340985.396334302,,/estimatedpose.pose.position.y,21.452773136888997
8.282214453152507,1730340985.494277468,,/estimatedpose.pose.position.y,21.36491718042127
8.413534686158187,1730340985.642489617,,/estimatedpose.pose.position.y,21.27069767701726
8.516790379604304,1730340985.796882935,,/estimatedpose.pose.position.y,21.213574321349462
8.568393687306921,1730340986.123126635,,/estimatedpose.pose.position.y,21.19878765742459
8.665649354439596,1730340986.793851365,,/estimatedpose.pose.position.y,21.142032208823885
8.8928367193265,1730340987.343122216,,/estimatedpose.pose.position.y,21.073903100399434
9.003210147815414,1730340987.440085373,,/estimatedpose.pose.position.y,21.02397634237643
9.171198886922427,1730340987.694604010,,/estimatedpose.pose.position.y,20.971543775548525
9.345935189819082,1730340987.798345926,,/estimatedpose.pose.position.y,20.905268982574068
9.45708557836494,1730340987.993929230,,/estimatedpose.pose.position.y,20.833862010233712
9.587414365295224,1730340988.095423730,,/estimatedpose.pose.position.y,20.788055990645738
9.718940344671756,1730340988.193604727,,/estimatedpose.pose.position.y,20.745805392490798
9.801825401394858,1730340988.295228821,,/estimatedpose.pose.position.y,20.703557497273792
9.888754827980383,1730340988.395304519,,/estimatedpose.pose.position.y,20.6735297774057
9.961097193343033,1730340988.493819678,,/estimatedpose.pose.position.y,20.631999212102997
10.159516647482647,1730340988.694718752,,/estimatedpose.pose.position.y,20.5480816098168
10.273223373124976,1730340988.794092271,,/estimatedpose.pose.position.y,20.495771737313557
10.360330714536282,1730340988.893620435,,/estimatedpose.pose.position.y,20.466869979527495
10.6037369848697,1730340989.243971592,,/estimatedpose.pose.position.y,20.385417903402782
10.812259549523137,1730340989.394359673,,/estimatedpose.pose.position.y,20.30885610639018
11.001532603095722,1730340989.601099256,,/estimatedpose.pose.position.y,20.223870361440923
11.090581593494687,1730340989.693908510,,/estimatedpose.pose.position.y,20.174958957440392
11.172285218978866,1730340989.801019541,,/estimatedpose.pose.position.y,20.146096355219978
11.26055262057276,1730340989.895278608,,/estimatedpose.pose.position.y,20.105396779800234
11.347277260910266,1730340989.994546095,,/estimatedpose.pose.position.y,20.05525279239179
11.4684825044952,1730340990.093545729,,/estimatedpose.pose.position.y,20.017116005693225
11.68308238130409,1730340990.297278031,,/estimatedpose.pose.position.y,19.925453058663262
11.775373951583658,1730340990.394985431,,/estimatedpose.pose.position.y,19.884445588397785
11.878764338292076,1730340990.493984433,,/estimatedpose.pose.position.y,19.83400655828586
11.966079411215222,1730340990.602818954,,/estimatedpose.pose.position.y,19.7561388167092
12.081880311535462,1730340990.693521309,,/estimatedpose.pose.position.y,19.730735178848022
12.160177158690898,1730340990.840008088,,/estimatedpose.pose.position.y,19.673386428582983
12.22560323251266,1730340990.943076263,,/estimatedpose.pose.position.y,19.636390378727867
12.43094206618169,1730340991.140411087,,/estimatedpose.pose.position.y,19.540234219247676
12.522300023694815,1730340991.293636728,,/estimatedpose.pose.position.y,19.501921504798226
12.660028163418538,1730340991.536138790,,/estimatedpose.pose.position.y,19.423475684293006
12.82995056748909,1730340991.637086343,,/estimatedpose.pose.position.y,19.370289072381226
12.993314897230709,1730340991.794628879,,/estimatedpose.pose.position.y,19.31484456054833
13.153618172143398,1730340991.894338681,,/estimatedpose.pose.position.y,19.262915590661997
13.389624750237951,1730340992.038652253,,/estimatedpose.pose.position.y,19.146271455129114
13.462325470155294,1730340992.197662206,,/estimatedpose.pose.position.y,19.11365736667528
13.614323795532595,1730340992.540917137,,/estimatedpose.pose.position.y,19.105009214862324
13.714175268623245,1730340992.693749484,,/estimatedpose.pose.position.y,19.078792640776864
13.781020557176129,1730340992.896056754,,/estimatedpose.pose.position.y,19.12676072379722
13.956607446335473,1730340992.994478836,,/estimatedpose.pose.position.y,19.031532975829784
14.036049959891203,1730340993.098864071,,/estimatedpose.pose.position.y,18.989986134887154
14.126861441448176,1730340993.243704548,,/estimatedpose.pose.position.y,18.953729707494876
14.229675246272345,1730340993.495813545,,/estimatedpose.pose.position.y,18.903540975131172
14.198586583679733,1730340993.695115519,,/estimatedpose.pose.position.y,18.914318785205094
14.17444974156092,1730340994.440354797,,/estimatedpose.pose.position.y,18.88753821641929
14.151761361573966,1730340994.642336029,,/estimatedpose.pose.position.y,18.886437824424
14.15013218793031,1730340995.122357867,,/estimatedpose.pose.position.y,18.918099880583462
14.151567054431773,1730340995.920800623,,/estimatedpose.pose.position.y,18.920132761571583
14.154081714286857,1730340996.096605459,,/estimatedpose.pose.position.y,18.922047813611876
14.270450163325348,1730340997.036856132,,/estimatedpose.pose.position.y,18.863713664892256
14.349440895406824,1730340997.494196084,,/estimatedpose.pose.position.y,18.834714970604765
14.626739362937705,1730340997.738288340,,/estimatedpose.pose.position.y,18.62533836040619
14.762401888919808,1730340998.043736503,,/estimatedpose.pose.position.y,18.569609158695542
14.860474835625231,1730340998.241065143,,/estimatedpose.pose.position.y,18.51469432449109
14.956517317609569,1730340998.345614232,,/estimatedpose.pose.position.y,18.435235687320983
15.092228048915217,1730340998.493912476,,/estimatedpose.pose.position.y,18.36583037762398
15.22244329157669,1730340998.596124187,,/estimatedpose.pose.position.y,18.280140150552224
15.51029539941293,1730340998.844413720,,/estimatedpose.pose.position.y,18.035183259804292
15.684058520517326,1730340999.096568894,,/estimatedpose.pose.position.y,17.913111954342632
15.807124299398309,1730340999.348871718,,/estimatedpose.pose.position.y,17.77994489088064
15.928927658513489,1730340999.494091902,,/estimatedpose.pose.position.y,17.714017091000798
16.023465653682827,1730340999.594411304,,/estimatedpose.pose.position.y,17.658775256469664
16.124173043662065,1730340999.897900443,,/estimatedpose.pose.position.y,17.592702767947806
16.22442843203222,1730341000.041213965,,/estimatedpose.pose.position.y,17.49002380109639
16.221508262587527,1730341000.195751520,,/estimatedpose.pose.position.y,17.489507561331244
16.292055744098565,1730341000.693635413,,/estimatedpose.pose.position.y,17.414590361561253
16.495564661499177,1730341000.946195708,,/estimatedpose.pose.position.y,17.246435549569195
16.576743689555997,1730341001.462774060,,/estimatedpose.pose.position.y,17.13492903563414
16.718519612112313,1730341001.595132124,,/estimatedpose.pose.position.y,17.000407715792132
16.858185269657334,1730341001.749507135,,/estimatedpose.pose.position.y,16.86526462513295
16.950710865453473,1730341001.846806255,,/estimatedpose.pose.position.y,16.79975145249532
17.045146882068014,1730341001.954346781,,/estimatedpose.pose.position.y,16.685115656029677
17.10114896315859,1730341002.093934547,,/estimatedpose.pose.position.y,16.602066116425057
17.142460369520375,1730341002.193939015,,/estimatedpose.pose.position.y,16.5347803451345
17.392859125102206,1730341002.353186443,,/estimatedpose.pose.position.y,16.284823530472973
17.480917075753858,1730341002.497996181,,/estimatedpose.pose.position.y,16.184304932636685
17.565170721809025,1730341002.594284553,,/estimatedpose.pose.position.y,16.102153864441743
17.69134517394765,1730341002.749900699,,/estimatedpose.pose.position.y,15.953238690999282
17.81288741193878,1730341002.996237663,,/estimatedpose.pose.position.y,15.83351932734327
17.89711573578949,1730341003.132478928,,/estimatedpose.pose.position.y,15.757548886306163
18.03256085271615,1730341003.445600641,,/estimatedpose.pose.position.y,15.625771374674796
18.203994097779674,1730341003.648383403,,/estimatedpose.pose.position.y,15.459294815817097
18.30718132402843,1730341003.794742124,,/estimatedpose.pose.position.y,15.397407600754006
18.372623916902256,1730341003.895298956,,/estimatedpose.pose.position.y,15.343915572460046
18.418680193164132,1730341004.147851216,,/estimatedpose.pose.position.y,15.250795702152374
18.430199722076853,1730341004.344540466,,/estimatedpose.pose.position.y,15.222745188716802
18.48499987330308,1730341005.182726129,,/estimatedpose.pose.position.y,15.13468208111238
18.53097094483548,1730341005.594476210,,/estimatedpose.pose.position.y,15.041486813934503
18.595225694384162,1730341005.693786263,,/estimatedpose.pose.position.y,14.95404107093836
18.66877747567479,1730341005.847152060,,/estimatedpose.pose.position.y,14.799657660811642
18.742025865908463,1730341005.943333769,,/estimatedpose.pose.position.y,14.687279290093855
18.805578127538496,1730341006.072517402,,/estimatedpose.pose.position.y,14.585914919040375
18.863460214316795,1730341006.193488076,,/estimatedpose.pose.position.y,14.475315359672011
18.92183811328171,1730341006.396259598,,/estimatedpose.pose.position.y,14.37744175979759
19.000868815136595,1730341006.544977047,,/estimatedpose.pose.position.y,14.245606419478994
19.071015232892062,1730341006.697134614,,/estimatedpose.pose.position.y,14.16988058676023
19.127767399424187,1730341006.794117897,,/estimatedpose.pose.position.y,14.093068609897847
19.210633181910808,1730341006.893817318,,/estimatedpose.pose.position.y,13.985935963476114
19.266173932009384,1730341006.993787300,,/estimatedpose.pose.position.y,13.883721459755328
19.384776068052997,1730341007.132964258,,/estimatedpose.pose.position.y,13.673509922982404
19.407703772261296,1730341007.994282969,,/estimatedpose.pose.position.y,13.627634678768874
19.454234536174763,1730341008.429323677,,/estimatedpose.pose.position.y,13.530227438211416
19.471947068327136,1730341008.993926236,,/estimatedpose.pose.position.y,13.425232180035577
19.502452347139506,1730341009.094033125,,/estimatedpose.pose.position.y,13.35241879130981
19.471312871793586,1730341009.593744959,,/estimatedpose.pose.position.y,13.24888916037664
19.52939318818013,1730341009.826727744,,/estimatedpose.pose.position.y,13.14590409116537
19.532102586282438,1730341010.156034380,,/estimatedpose.pose.position.y,13.04439691320803
19.638932648861033,1730341010.444129744,,/estimatedpose.pose.position.y,12.754164035090765
19.62351594569908,1730341010.893908089,,/estimatedpose.pose.position.y,12.798677270307916
19.72354851023365,1730341011.693606020,,/estimatedpose.pose.position.y,12.612575915509412
19.773170300719116,1730341011.930940908,,/estimatedpose.pose.position.y,12.524332596515475
19.9074596520979,1730341012.258543870,,/estimatedpose.pose.position.y,12.401465592648758
20.009724797216407,1730341012.461046771,,/estimatedpose.pose.position.y,12.278188801599287
20.06065951302712,1730341012.568828384,,/estimatedpose.pose.position.y,12.213967057787906
20.230313103164924,1730341012.760221995,,/estimatedpose.pose.position.y,11.97338619486647
20.282272915801915,1730341012.894630941,,/estimatedpose.pose.position.y,11.871653398439747
20.3498449100762,1730341013.064917694,,/estimatedpose.pose.position.y,11.73469375384106
20.420492222831285,1730341013.194544454,,/estimatedpose.pose.position.y,11.649594208968239
20.49704755689364,1730341013.293885608,,/estimatedpose.pose.position.y,11.560166971559575
20.537119588629487,1730341013.694671430,,/estimatedpose.pose.position.y,11.463042434983771
20.576687239327544,1730341013.866285624,,/estimatedpose.pose.position.y,11.386959026757998
20.567398240389604,1730341014.094196975,,/estimatedpose.pose.position.y,11.388380539275447
20.56615430269809,1730341014.421913281,,/estimatedpose.pose.position.y,11.391703813322632
20.561627236402327,1730341014.635512744,,/estimatedpose.pose.position.y,11.394066214502795
20.55266734326385,1730341014.838072746,,/estimatedpose.pose.position.y,11.399884613797253
20.546679348429894,1730341015.036466075,,/estimatedpose.pose.position.y,11.40058097942063
20.549120647021528,1730341015.194449075,,/estimatedpose.pose.position.y,11.401525236550507
20.549580293305628,1730341015.297907971,,/estimatedpose.pose.position.y,11.408781706979408
20.549637956369143,1730341015.533523747,,/estimatedpose.pose.position.y,11.400575645675962
20.560252731895336,1730341015.693676163,,/estimatedpose.pose.position.y,11.397454273194528
20.565790551473384,1730341015.795302875,,/estimatedpose.pose.position.y,11.395992107502433
20.567817736485054,1730341015.919274647,,/estimatedpose.pose.position.y,11.388101603229341
20.472160614789942,1730341016.594988257,,/estimatedpose.pose.position.y,11.366741750718026
20.28547269269107,1730341016.996343549,,/estimatedpose.pose.position.y,11.336892121638979
20.109357673894728,1730341017.154241959,,/estimatedpose.pose.position.y,11.258753736385552
19.986985353202062,1730341017.295112117,,/estimatedpose.pose.position.y,11.211575218783999
19.79218529712464,1730341017.457436206,,/estimatedpose.pose.position.y,11.184853949215368
19.69546144191639,1730341017.556212493,,/estimatedpose.pose.position.y,11.152885794913718
19.543860057043226,1730341017.793697873,,/estimatedpose.pose.position.y,11.138877854652382
19.400307918757868,1730341017.897916681,,/estimatedpose.pose.position.y,11.09127457562925
19.224570170494655,1730341018.053483446,,/estimatedpose.pose.position.y,11.05421547953257
19.018628780050832,1730341018.297691618,,/estimatedpose.pose.position.y,10.971782165566577
18.89801111793003,1730341018.393720216,,/estimatedpose.pose.position.y,10.949635697881213
18.81740643341268,1730341018.652382736,,/estimatedpose.pose.position.y,10.906657990838681
18.565730980971406,1730341018.853811017,,/estimatedpose.pose.position.y,10.853722610143818
18.47353262580983,1730341018.960521035,,/estimatedpose.pose.position.y,10.796391630545086
18.34596941423937,1730341019.054317384,,/estimatedpose.pose.position.y,10.773974480160112
18.19130152281561,1730341019.193725046,,/estimatedpose.pose.position.y,10.718098941658427
18.139897249179924,1730341019.339804718,,/estimatedpose.pose.position.y,10.724721941864038
18.129496401141818,1730341019.994023999,,/estimatedpose.pose.position.y,10.716619778835577
18.138046460148516,1730341020.125468093,,/estimatedpose.pose.position.y,10.722085716866552
18.157957508873338,1730341020.394247978,,/estimatedpose.pose.position.y,10.724092897690335
17.9742581243465,1730341020.494012082,,/estimatedpose.pose.position.y,11.196273259685407
17.96874843866079,1730341020.596140693,,/estimatedpose.pose.position.y,11.24826120745365
17.952727138185228,1730341020.750543418,,/estimatedpose.pose.position.y,11.165668008686685
18.002029289298182,1730341020.837200479,,/estimatedpose.pose.position.y,11.104144581730909
18.07653130991936,1730341020.996570098,,/estimatedpose.pose.position.y,11.0520899678287
18.1291973590957,1730341021.093770725,,/estimatedpose.pose.position.y,10.988125559580999
18.060895294464917,1730341021.827074447,,/estimatedpose.pose.position.y,11.062612802760803
17.9885379032223,1730341021.994928038,,/estimatedpose.pose.position.y,11.125906885707751
17.92802305620538,1730341022.093817307,,/estimatedpose.pose.position.y,11.226714855548078
17.85903712404125,1730341022.194370935,,/estimatedpose.pose.position.y,11.35409136584156
17.815739259540926,1730341022.293817578,,/estimatedpose.pose.position.y,11.428413047143229
17.75843604291308,1730341022.395526398,,/estimatedpose.pose.position.y,11.498484002296937
17.68415049809775,1730341022.548177602,,/estimatedpose.pose.position.y,11.651444348950866
17.60536490013367,1730341022.651238825,,/estimatedpose.pose.position.y,11.780924444624446
17.529422425026386,1730341022.755086141,,/estimatedpose.pose.position.y,11.871302491574625
17.441011056443866,1730341023.093960306,,/estimatedpose.pose.position.y,11.98991040189011
17.31608639946866,1730341023.346882163,,/estimatedpose.pose.position.y,12.176440038199118
17.160866880131408,1730341023.637606681,,/estimatedpose.pose.position.y,12.406777728556758
17.060080684769083,1730341023.734389729,,/estimatedpose.pose.position.y,12.51101557384735
16.908724370337897,1730341023.948625649,,/estimatedpose.pose.position.y,12.710590350246294
16.83004613787563,1730341024.093860549,,/estimatedpose.pose.position.y,12.863737133862909
16.75268268556467,1730341024.193920403,,/estimatedpose.pose.position.y,12.976476311813443
16.699413983039353,1730341024.293855584,,/estimatedpose.pose.position.y,13.092721432099554
16.641105645633793,1730341024.395652875,,/estimatedpose.pose.position.y,13.145280356298446
16.552276617623804,1730341024.594188663,,/estimatedpose.pose.position.y,13.231155154429828
16.47916632031809,1730341024.741835509,,/estimatedpose.pose.position.y,13.36111350657944
16.487648850417777,1730341025.020909116,,/estimatedpose.pose.position.y,13.363475825037327
16.492456905782056,1730341025.495970290,,/estimatedpose.pose.position.y,13.367513325678404
16.491452928276196,1730341025.606896227,,/estimatedpose.pose.position.y,13.366711328022918
16.500326796753587,1730341025.723855777,,/estimatedpose.pose.position.y,13.371938463529146
16.49944621449929,1730341025.895521520,,/estimatedpose.pose.position.y,13.371979361471181
16.498423450389275,1730341025.993799339,,/estimatedpose.pose.position.y,13.372267607998962
16.504704634735926,1730341026.125952609,,/estimatedpose.pose.position.y,13.378492211624728
16.504131332312756,1730341026.226048032,,/estimatedpose.pose.position.y,13.381323843043546
16.503842123824892,1730341026.411359009,,/estimatedpose.pose.position.y,13.385104263701336
16.50725337708403,1730341026.593698093,,/estimatedpose.pose.position.y,13.383597067894641
16.50909451264679,1730341026.694411918,,/estimatedpose.pose.position.y,13.382513007018177
16.505875089716127,1730341026.820215016,,/estimatedpose.pose.position.y,13.388198556804491
16.497669792430056,1730341027.025018958,,/estimatedpose.pose.position.y,13.381231985874562
16.497076866312156,1730341027.330997727,,/estimatedpose.pose.position.y,13.379944476184669
16.494659950156453,1730341027.496420323,,/estimatedpose.pose.position.y,13.368442343503938
16.49668887798594,1730341027.617173879,,/estimatedpose.pose.position.y,13.361452669882661
16.494699469421455,1730341027.894762465,,/estimatedpose.pose.position.y,13.345581863779568
16.495234010538564,1730341028.016358401,,/estimatedpose.pose.position.y,13.34054084700797
16.492469733775195,1730341028.193778800,,/estimatedpose.pose.position.y,13.325979392096725
16.55466363065022,1730341028.630054190,,/estimatedpose.pose.position.y,13.260003784346459
16.64794330314082,1730341028.797040078,,/estimatedpose.pose.position.y,13.112234729693673
16.77752127254869,1730341029.141783642,,/estimatedpose.pose.position.y,12.918351512898171
16.890402293618376,1730341029.295146866,,/estimatedpose.pose.position.y,12.754678044713065
16.94803923665878,1730341029.394306652,,/estimatedpose.pose.position.y,12.682344114332004
17.05336207868955,1730341029.538980973,,/estimatedpose.pose.position.y,12.543187383831139
17.179947853965164,1730341029.794251582,,/estimatedpose.pose.position.y,12.388052718955533
17.249478524098485,1730341029.895676930,,/estimatedpose.pose.position.y,12.319321826431906
17.396002837139065,1730341030.193955652,,/estimatedpose.pose.position.y,12.140612693770857
17.451009478988652,1730341030.295881815,,/estimatedpose.pose.position.y,12.091093441732568
17.5134425001766,1730341030.441551718,,/estimatedpose.pose.position.y,11.970873337238297
17.57513740750884,1730341030.553908328,,/estimatedpose.pose.position.y,11.867824300715267
17.627644175242494,1730341030.696283144,,/estimatedpose.pose.position.y,11.763927130394025
17.693859555677815,1730341030.796875952,,/estimatedpose.pose.position.y,11.691818140218732
17.764462198050353,1730341030.894097523,,/estimatedpose.pose.position.y,11.571678154410394
17.928727811261687,1730341031.139374176,,/estimatedpose.pose.position.y,11.383986960219714
18.015982675955666,1730341031.294297172,,/estimatedpose.pose.position.y,11.264654739318935
18.084428530900517,1730341031.393678138,,/estimatedpose.pose.position.y,11.15946183909968
18.13852288018176,1730341031.493766249,,/estimatedpose.pose.position.y,11.084893213091563
18.2464320373627,1730341031.594070530,,/estimatedpose.pose.position.y,10.95641741736326
18.305826080793445,1730341031.693967839,,/estimatedpose.pose.position.y,10.911715455529723
18.37878142901017,1730341031.798309695,,/estimatedpose.pose.position.y,10.832795431819553
18.430615139322263,1730341031.993923602,,/estimatedpose.pose.position.y,10.69910795870279
18.51354326777408,1730341032.147779923,,/estimatedpose.pose.position.y,10.596046525616007
18.569713428570132,1730341032.399179654,,/estimatedpose.pose.position.y,10.535168989860155
18.56914859480305,1730341032.497364081,,/estimatedpose.pose.position.y,10.535065295166415
18.563585410404475,1730341032.993786244,,/estimatedpose.pose.position.y,10.534452575454429
18.562350253893545,1730341033.096959547,,/estimatedpose.pose.position.y,10.539363830868517
18.561384133053313,1730341033.231826020,,/estimatedpose.pose.position.y,10.54117420439956
18.555642404440178,1730341033.532552574,,/estimatedpose.pose.position.y,10.551623557441694
18.556751045794957,1730341033.996387638,,/estimatedpose.pose.position.y,10.555261070931078
18.70401388119006,1730341034.557302854,,/estimatedpose.pose.position.y,10.608663946114591
18.802672511368314,1730341034.693688292,,/estimatedpose.pose.position.y,10.671588924363144
18.98869053791416,1730341035.097104848,,/estimatedpose.pose.position.y,10.737344219965584
19.139862320160137,1730341035.262745554,,/estimatedpose.pose.position.y,10.781964018553332
19.231077322028195,1730341035.378966362,,/estimatedpose.pose.position.y,10.805858949509494
19.404063123344887,1730341035.560208167,,/estimatedpose.pose.position.y,10.843566454511647
19.558061317115467,1730341035.699361787,,/estimatedpose.pose.position.y,10.90609190172015
19.67576830697202,1730341035.794523540,,/estimatedpose.pose.position.y,10.946444180322374
19.806156466646755,1730341035.897977696,,/estimatedpose.pose.position.y,10.963163902820567
19.878345533287668,1730341035.994416561,,/estimatedpose.pose.position.y,11.009123140016905
20.016065745027806,1730341036.194153582,,/estimatedpose.pose.position.y,11.043376512995964
20.094742304338734,1730341036.402437183,,/estimatedpose.pose.position.y,11.074409217948542
20.092852473464564,1730341036.598439511,,/estimatedpose.pose.position.y,11.084308416824506
20.082100124904116,1730341037.100745967,,/estimatedpose.pose.position.y,11.080060383376084
20.076987527759442,1730341037.194663198,,/estimatedpose.pose.position.y,11.07622477277581
20.079749531881152,1730341037.343796691,,/estimatedpose.pose.position.y,11.074917871269228
20.0735399250089,1730341037.593755727,,/estimatedpose.pose.position.y,11.070957795809349
20.143016235349144,1730341037.969231682,,/estimatedpose.pose.position.y,11.032965974808121
20.214776769699505,1730341038.393834494,,/estimatedpose.pose.position.y,10.94578610395226
20.28076283150056,1730341038.495641265,,/estimatedpose.pose.position.y,10.899999310426818
20.336398445079496,1730341038.674491706,,/estimatedpose.pose.position.y,10.83952274447967
20.41121455765116,1730341038.897642854,,/estimatedpose.pose.position.y,10.774117256697124
20.478285463210412,1730341038.994968606,,/estimatedpose.pose.position.y,10.726568105884477
20.56071017353347,1730341039.096102989,,/estimatedpose.pose.position.y,10.666461011956377
20.647810843135755,1730341039.194282451,,/estimatedpose.pose.position.y,10.632649699459277
20.731928235485654,1730341039.295937555,,/estimatedpose.pose.position.y,10.560436067545691
20.821662972712833,1730341039.393532786,,/estimatedpose.pose.position.y,10.498890826905612
20.903792399058123,1730341039.498010058,,/estimatedpose.pose.position.y,10.44887199872661
21.018262249209165,1730341039.697249108,,/estimatedpose.pose.position.y,10.367505741614663
21.118755722689542,1730341039.801170857,,/estimatedpose.pose.position.y,10.311864652440539
21.244921723752167,1730341039.894449961,,/estimatedpose.pose.position.y,10.217297229339325
21.394821473034078,1730341040.093968645,,/estimatedpose.pose.position.y,10.123047245934007
21.49710873793428,1730341040.194135027,,/estimatedpose.pose.position.y,10.047627548539417
21.583017850119088,1730341040.370313386,,/estimatedpose.pose.position.y,9.953925048200576
21.63884699365497,1730341040.485239343,,/estimatedpose.pose.position.y,9.889314672323657
21.755598898396922,1730341040.594496047,,/estimatedpose.pose.position.y,9.788239568185473
21.883408477188603,1730341040.766069752,,/estimatedpose.pose.position.y,9.689988468455361
22.041569320683607,1730341040.893970947,,/estimatedpose.pose.position.y,9.598635804679802
22.13587084700347,1730341040.997122718,,/estimatedpose.pose.position.y,9.525559188289835
22.219767179804563,1730341041.194043079,,/estimatedpose.pose.position.y,9.48385210412888
22.388812160884644,1730341041.376529134,,/estimatedpose.pose.position.y,9.346922035019604
22.498014366458868,1730341041.497622630,,/estimatedpose.pose.position.y,9.257525834256073
22.590103673260966,1730341041.598216431,,/estimatedpose.pose.position.y,9.208377518159491
22.725920004575507,1730341041.693653846,,/estimatedpose.pose.position.y,9.140585979934029
22.808943454932603,1730341041.794937007,,/estimatedpose.pose.position.y,9.081216038559388
22.857086661686015,1730341041.898082008,,/estimatedpose.pose.position.y,9.02751249543464
22.95795055733804,1730341042.094306869,,/estimatedpose.pose.position.y,8.966739378612841
23.105648310236088,1730341042.268221428,,/estimatedpose.pose.position.y,8.832200389825719
23.158186781643817,1730341042.373280268,,/estimatedpose.pose.position.y,8.774845350732207
23.147636128563068,1730341042.841108491,,/estimatedpose.pose.position.y,8.773937365399707
23.138935434441347,1730341043.041023043,,/estimatedpose.pose.position.y,8.779481532439972
23.141484189130253,1730341043.394383920,,/estimatedpose.pose.position.y,8.783430392675106
23.13730142555745,1730341043.495202738,,/estimatedpose.pose.position.y,8.784224414142804
23.130353776611425,1730341043.599458785,,/estimatedpose.pose.position.y,8.78470376365225
23.136129041628205,1730341043.740077701,,/estimatedpose.pose.position.y,8.78804178282939
23.13607203292492,1730341043.941453983,,/estimatedpose.pose.position.y,8.789115841175965
23.141296428895416,1730341044.142181665,,/estimatedpose.pose.position.y,8.787181476890304
23.145091249889198,1730341044.226817501,,/estimatedpose.pose.position.y,8.787134178905356
23.15456280359561,1730341044.396593148,,/estimatedpose.pose.position.y,8.78957496807218
23.18798501117338,1730341044.498928584,,/estimatedpose.pose.position.y,8.994958163302938
23.20161093303118,1730341044.897335997,,/estimatedpose.pose.position.y,9.090046730491142
23.229397520175176,1730341044.993747688,,/estimatedpose.pose.position.y,9.19191374935009
23.263541530519383,1730341045.096573647,,/estimatedpose.pose.position.y,9.325075640299374
23.294236675388625,1730341045.244497872,,/estimatedpose.pose.position.y,9.492836117052946
23.297562431490867,1730341045.994721015,,/estimatedpose.pose.position.y,9.576102681325601
23.300252392709208,1730341046.430454874,,/estimatedpose.pose.position.y,9.598489607090885
23.289583721768253,1730341046.595438270,,/estimatedpose.pose.position.y,9.569228162894607
23.287274478057466,1730341046.694523668,,/estimatedpose.pose.position.y,9.55229511554458
23.301092501865575,1730341046.832209826,,/estimatedpose.pose.position.y,9.573090051097253
23.30329888606448,1730341047.038700559,,/estimatedpose.pose.position.y,9.551520195664809
23.296393120777452,1730341047.196205584,,/estimatedpose.pose.position.y,9.516196975309859
23.29185164115226,1730341047.293913571,,/estimatedpose.pose.position.y,9.487862929354623
23.243299471919208,1730341047.663734311,,/estimatedpose.pose.position.y,9.59699259001101
23.151985709245622,1730341047.994352636,,/estimatedpose.pose.position.y,9.639669991547835
22.89244539823321,1730341048.196660763,,/estimatedpose.pose.position.y,9.78395063529089
22.759228035250782,1730341048.293852678,,/estimatedpose.pose.position.y,9.898351941235312
22.582559269117272,1730341048.466150094,,/estimatedpose.pose.position.y,10.00912125640424
22.46070542093894,1730341048.593929685,,/estimatedpose.pose.position.y,10.093634135989493
22.38786034541387,1730341048.695596977,,/estimatedpose.pose.position.y,10.155736096500672
22.340287039308834,1730341048.793761543,,/estimatedpose.pose.position.y,10.211085028551162
22.23653816140684,1730341048.971892426,,/estimatedpose.pose.position.y,10.304621150698543
22.102688094027595,1730341049.094268406,,/estimatedpose.pose.position.y,10.397008734288702
22.010820123775183,1730341049.210348200,,/estimatedpose.pose.position.y,10.471656694705697
21.860609991070845,1730341049.593794042,,/estimatedpose.pose.position.y,10.541129929779737
21.736992889240135,1730341049.694358142,,/estimatedpose.pose.position.y,10.62070348503338
21.61836077643286,1730341049.796159225,,/estimatedpose.pose.position.y,10.705141684642808
21.50706328115567,1730341050.193789799,,/estimatedpose.pose.position.y,10.741894415244987
21.207019147279826,1730341050.366087305,,/estimatedpose.pose.position.y,10.931157617449307
21.063860896960897,1730341050.494272738,,/estimatedpose.pose.position.y,11.054835271662627
20.99380649869684,1730341050.594300860,,/estimatedpose.pose.position.y,11.12372516424222
20.895714006779574,1730341050.699815015,,/estimatedpose.pose.position.y,11.177582347304584
20.68119114624894,1730341050.867063295,,/estimatedpose.pose.position.y,11.328223901771729
20.497112601012212,1730341051.068159130,,/estimatedpose.pose.position.y,11.477769909590432
20.360358812521962,1730341051.395025292,,/estimatedpose.pose.position.y,11.565944716894679
20.339503576484663,1730341051.860429020,,/estimatedpose.pose.position.y,11.589106866729592
20.340157387340398,1730341052.394823295,,/estimatedpose.pose.position.y,11.612988181933229
20.346051075408013,1730341052.538372441,,/estimatedpose.pose.position.y,11.614223312431495
20.345453357979807,1730341052.693957171,,/estimatedpose.pose.position.y,11.614554699840177
20.346376168752467,1730341052.796001011,,/estimatedpose.pose.position.y,11.612290931620787
20.353813129285495,1730341052.894054626,,/estimatedpose.pose.position.y,11.611967963617815
20.358427371949663,1730341052.996454295,,/estimatedpose.pose.position.y,11.608757396573884
20.360809531302877,1730341053.126903530,,/estimatedpose.pose.position.y,11.600907939263765
20.363647850578207,1730341053.440058646,,/estimatedpose.pose.position.y,11.592127857687279
20.359545595121226,1730341053.594995995,,/estimatedpose.pose.position.y,11.587099073222426
20.36077945169649,1730341053.694084282,,/estimatedpose.pose.position.y,11.58540569091049
20.363991344229614,1730341053.899175487,,/estimatedpose.pose.position.y,11.584839167086574
20.364315219211388,1730341054.005846550,,/estimatedpose.pose.position.y,11.582299197760396
20.34464139391683,1730341054.723998305,,/estimatedpose.pose.position.y,11.504484312823243
20.27302627295569,1730341054.897068633,,/estimatedpose.pose.position.y,11.459246321889324
20.164348038788784,1730341055.295226112,,/estimatedpose.pose.position.y,11.371290967715783
19.986950820810105,1730341055.464977744,,/estimatedpose.pose.position.y,11.261627692323534
19.858067682778636,1730341055.668579324,,/estimatedpose.pose.position.y,11.21002576305108
19.727562529320632,1730341055.794539776,,/estimatedpose.pose.position.y,11.130897892468782
19.61682228630375,1730341056.066042794,,/estimatedpose.pose.position.y,11.07893172972796
19.52392061339214,1730341056.259848712,,/estimatedpose.pose.position.y,11.056042184355565
19.420724080656562,1730341056.498476736,,/estimatedpose.pose.position.y,11.002856426696367
19.316126717956013,1730341056.695244708,,/estimatedpose.pose.position.y,10.96048845707974
19.219443887104585,1730341056.894162640,,/estimatedpose.pose.position.y,10.948031654549059
19.150059979532383,1730341057.001679198,,/estimatedpose.pose.position.y,10.90966724999742
18.980135507428695,1730341057.396000150,,/estimatedpose.pose.position.y,10.846856060826973
18.893301629901355,1730341057.595186072,,/estimatedpose.pose.position.y,10.822184812454209
18.89720746192318,1730341058.097648393,,/estimatedpose.pose.position.y,10.81889188603771
18.900407650063926,1730341058.595280276,,/estimatedpose.pose.position.y,10.81367699168097
18.896057088579823,1730341058.799975794,,/estimatedpose.pose.position.y,10.806442560509849
18.89547872784202,1730341058.897092237,,/estimatedpose.pose.position.y,10.800192682461626
18.88937446015188,1730341059.097109435,,/estimatedpose.pose.position.y,10.797724693557626
18.887430387618032,1730341059.296922290,,/estimatedpose.pose.position.y,10.797254482843442
18.882749695002932,1730341059.393845945,,/estimatedpose.pose.position.y,10.79282514669727
18.81299909331338,1730341059.905800414,,/estimatedpose.pose.position.y,10.874452551953238
18.73175297964712,1730341060.335428122,,/estimatedpose.pose.position.y,10.934688749134637
18.67481597382855,1730341060.597833641,,/estimatedpose.pose.position.y,11.01457031085128
18.60698654348372,1730341060.708766710,,/estimatedpose.pose.position.y,11.074587371369912
18.529717783314588,1730341060.940240099,,/estimatedpose.pose.position.y,11.119390774530846
18.4537354380359,1730341061.097705446,,/estimatedpose.pose.position.y,11.185824902016742
18.385713553863667,1730341061.296749316,,/estimatedpose.pose.position.y,11.253355102449117
18.29418263107937,1730341061.500756919,,/estimatedpose.pose.position.y,11.299319687095597
18.206558377170474,1730341061.796064425,,/estimatedpose.pose.position.y,11.389772369218186
18.141692699666773,1730341061.932661384,,/estimatedpose.pose.position.y,11.461825629710665
18.074652298644523,1730341062.194808754,,/estimatedpose.pose.position.y,11.525007442098735
17.96302260464794,1730341062.436914406,,/estimatedpose.pose.position.y,11.610145356010964
17.890580101120992,1730341062.670259701,,/estimatedpose.pose.position.y,11.674106722481495
17.824438104695304,1730341062.894266275,,/estimatedpose.pose.position.y,11.7390933674709
17.7095525517022,1730341063.176397359,,/estimatedpose.pose.position.y,11.835766284326759
17.627414884277318,1730341063.337737105,,/estimatedpose.pose.position.y,11.925980844991432
17.551335829930828,1730341063.642757036,,/estimatedpose.pose.position.y,12.013241851196799
17.467395573267797,1730341063.894026316,,/estimatedpose.pose.position.y,12.08143259796684
17.388408520881885,1730341064.095591594,,/estimatedpose.pose.position.y,12.152598448444783
17.287237095612884,1730341064.240042795,,/estimatedpose.pose.position.y,12.258833226858046
17.243127225949166,1730341064.450958485,,/estimatedpose.pose.position.y,12.322886168323947
17.196008678704153,1730341064.700105925,,/estimatedpose.pose.position.y,12.378194698203185
17.140928794133902,1730341064.793719462,,/estimatedpose.pose.position.y,12.430066420894185